Decision factor,Maintain or repair,Refurbish or remanufacture,Replace,Shared service,"Evidence, uncertainty, and decision"
Clinical and technical suitability,Synthetic example for Clinical and technical suitability; replace with local evidence.,Synthetic example for Clinical and technical suitability; replace with local evidence.,Synthetic example for Clinical and technical suitability; replace with local evidence.,Synthetic example for Clinical and technical suitability; replace with local evidence.,Synthetic local baseline report; controlled dataset v1.2; evidence cut-off 2026-01-31.
Remaining useful life and reliability,Synthetic example for Remaining useful life and reliability; replace with local evidence.,Synthetic example for Remaining useful life and reliability; replace with local evidence.,Synthetic example for Remaining useful life and reliability; replace with local evidence.,Synthetic example for Remaining useful life and reliability; replace with local evidence.,Synthetic local baseline report; controlled dataset v1.2; evidence cut-off 2026-01-31.
Validation and regulatory burden,Synthetic example for Validation and regulatory burden; replace with local evidence.,Synthetic example for Validation and regulatory burden; replace with local evidence.,Synthetic example for Validation and regulatory burden; replace with local evidence.,Synthetic example for Validation and regulatory burden; replace with local evidence.,Synthetic local baseline report; controlled dataset v1.2; evidence cut-off 2026-01-31.
Lifecycle cost and price exposure,Synthetic example for Lifecycle cost and price exposure; replace with local evidence.,Synthetic example for Lifecycle cost and price exposure; replace with local evidence.,Synthetic example for Lifecycle cost and price exposure; replace with local evidence.,Synthetic example for Lifecycle cost and price exposure; replace with local evidence.,Synthetic local baseline report; controlled dataset v1.2; evidence cut-off 2026-01-31.
"Energy, water, material, and waste effects","Synthetic example for Energy, water, material, and waste effects; replace with local evidence.","Synthetic example for Energy, water, material, and waste effects; replace with local evidence.","Synthetic example for Energy, water, material, and waste effects; replace with local evidence.","Synthetic example for Energy, water, material, and waste effects; replace with local evidence.",Synthetic local baseline report; controlled dataset v1.2; evidence cut-off 2026-01-31.
"Software, cybersecurity, and interoperability","Synthetic example for Software, cybersecurity, and interoperability; replace with local evidence.","Synthetic example for Software, cybersecurity, and interoperability; replace with local evidence.","Synthetic example for Software, cybersecurity, and interoperability; replace with local evidence.","Synthetic example for Software, cybersecurity, and interoperability; replace with local evidence.",Synthetic local baseline report; controlled dataset v1.2; evidence cut-off 2026-01-31.
"Workforce, workflow, downtime, and transition","Synthetic example for Workforce, workflow, downtime, and transition; replace with local evidence.","Synthetic example for Workforce, workflow, downtime, and transition; replace with local evidence.","Synthetic example for Workforce, workflow, downtime, and transition; replace with local evidence.","Synthetic example for Workforce, workflow, downtime, and transition; replace with local evidence.",Synthetic local baseline report; controlled dataset v1.2; evidence cut-off 2026-01-31.
"Resilience, dependency, and exit","Synthetic example for Resilience, dependency, and exit; replace with local evidence.","Synthetic example for Resilience, dependency, and exit; replace with local evidence.","Synthetic example for Resilience, dependency, and exit; replace with local evidence.","Synthetic example for Resilience, dependency, and exit; replace with local evidence.",Synthetic local baseline report; controlled dataset v1.2; evidence cut-off 2026-01-31.
Residual value and final disposition,Synthetic example for Residual value and final disposition; replace with local evidence.,Synthetic example for Residual value and final disposition; replace with local evidence.,Synthetic example for Residual value and final disposition; replace with local evidence.,Synthetic example for Residual value and final disposition; replace with local evidence.,Synthetic local baseline report; controlled dataset v1.2; evidence cut-off 2026-01-31.
