resource_id,module_number,title,primary_chapter,primary_chapter_title,additional_chapters,related_core_resources,related_case,formats,version,status,folder,primary_related_case,additional_related_cases,related_cases,script_path,notebook_path,xlsx_template_path,ods_template_path,example_outputs_path
AIHE-PY01,01,"Data quality, fitness-for-purpose, and mapping audit",2,Institutional Readiness and Digital Foundations,"2, 11",AIHE-A04; AIHE-B05,AIHE-CASE02,py; ipynb; xlsx; ods; csv; json; png; md,V1.0,public,chapters/02/python_analytics/AIHE-PY01_data_quality_fitness_for_purpose_and_mapping_audit,AIHE-CASE02,,AIHE-CASE02,chapters/02/python_analytics/AIHE-PY01_data_quality_fitness_for_purpose_and_mapping_audit/python/01_data_quality_and_mapping.py,chapters/02/python_analytics/AIHE-PY01_data_quality_fitness_for_purpose_and_mapping_audit/notebook/01_data_quality_and_mapping.ipynb,chapters/02/python_analytics/AIHE-PY01_data_quality_fitness_for_purpose_and_mapping_audit/data/xlsx/01_data_quality_and_mapping_template.xlsx,chapters/02/python_analytics/AIHE-PY01_data_quality_fitness_for_purpose_and_mapping_audit/data/ods/01_data_quality_and_mapping_template.ods,chapters/02/python_analytics/AIHE-PY01_data_quality_fitness_for_purpose_and_mapping_audit/outputs/example
AIHE-PY03,03,Missing-data sensitivity analysis,2,Institutional Readiness and Digital Foundations,"2, 11",AIHE-A04; AIHE-B05,AIHE-CASE02,py; ipynb; xlsx; ods; csv; json; png; md,V1.0,public,chapters/02/python_analytics/AIHE-PY03_missing_data_sensitivity_analysis,AIHE-CASE02,,AIHE-CASE02,chapters/02/python_analytics/AIHE-PY03_missing_data_sensitivity_analysis/python/03_missing_data_sensitivity.py,chapters/02/python_analytics/AIHE-PY03_missing_data_sensitivity_analysis/notebook/03_missing_data_sensitivity.ipynb,chapters/02/python_analytics/AIHE-PY03_missing_data_sensitivity_analysis/data/xlsx/03_missing_data_sensitivity_template.xlsx,chapters/02/python_analytics/AIHE-PY03_missing_data_sensitivity_analysis/data/ods/03_missing_data_sensitivity_template.ods,chapters/02/python_analytics/AIHE-PY03_missing_data_sensitivity_analysis/outputs/example
AIHE-PY33,33,Patient or service segmentation using clustering,2,Institutional Readiness and Digital Foundations,"2, 11",AIHE-A04,AIHE-CASE02,py; ipynb; xlsx; ods; csv; json; png; md,V1.0,public,chapters/02/python_analytics/AIHE-PY33_patient_or_service_segmentation_using_clustering,AIHE-CASE02,,AIHE-CASE02,chapters/02/python_analytics/AIHE-PY33_patient_or_service_segmentation_using_clustering/python/33_patient_segmentation_clustering.py,chapters/02/python_analytics/AIHE-PY33_patient_or_service_segmentation_using_clustering/notebook/33_patient_segmentation_clustering.ipynb,chapters/02/python_analytics/AIHE-PY33_patient_or_service_segmentation_using_clustering/data/xlsx/33_patient_segmentation_clustering_template.xlsx,chapters/02/python_analytics/AIHE-PY33_patient_or_service_segmentation_using_clustering/data/ods/33_patient_segmentation_clustering_template.ods,chapters/02/python_analytics/AIHE-PY33_patient_or_service_segmentation_using_clustering/outputs/example
AIHE-PY06,06,Decision-curve analysis,3,Human–AI Decision Support and Managerial Action,"3, 7, 11",AIHE-C04; AIHE-B05,AIHE-CASE03,py; ipynb; xlsx; ods; csv; json; png; md,V1.0,public,chapters/03/python_analytics/AIHE-PY06_decision_curve_analysis,AIHE-CASE03,,AIHE-CASE03,chapters/03/python_analytics/AIHE-PY06_decision_curve_analysis/python/06_decision_curve_analysis.py,chapters/03/python_analytics/AIHE-PY06_decision_curve_analysis/notebook/06_decision_curve_analysis.ipynb,chapters/03/python_analytics/AIHE-PY06_decision_curve_analysis/data/xlsx/06_decision_curve_analysis_template.xlsx,chapters/03/python_analytics/AIHE-PY06_decision_curve_analysis/data/ods/06_decision_curve_analysis_template.ods,chapters/03/python_analytics/AIHE-PY06_decision_curve_analysis/outputs/example
AIHE-PY21,21,Discrete-event simulation of hospital flow,3,Human–AI Decision Support and Managerial Action,"3, 8",AIHE-B05; AIHE-C04,AIHE-CASE03,py; ipynb; xlsx; ods; csv; json; png; md,V1.0,public,chapters/03/python_analytics/AIHE-PY21_discrete_event_simulation_of_hospital_flow,AIHE-CASE03,AIHE-CASE03B,AIHE-CASE03; AIHE-CASE03B,chapters/03/python_analytics/AIHE-PY21_discrete_event_simulation_of_hospital_flow/python/21_discrete_event_hospital_flow.py,chapters/03/python_analytics/AIHE-PY21_discrete_event_simulation_of_hospital_flow/notebook/21_discrete_event_hospital_flow.ipynb,chapters/03/python_analytics/AIHE-PY21_discrete_event_simulation_of_hospital_flow/data/xlsx/21_discrete_event_hospital_flow_template.xlsx,chapters/03/python_analytics/AIHE-PY21_discrete_event_simulation_of_hospital_flow/data/ods/21_discrete_event_hospital_flow_template.ods,chapters/03/python_analytics/AIHE-PY21_discrete_event_simulation_of_hospital_flow/outputs/example
AIHE-PY34,34,"Time-series forecasting for demand, capacity, and budget planning",3,Human–AI Decision Support and Managerial Action,"3, 6, 8, 13",AIHE-C01; AIHE-B03,AIHE-CASE03,py; ipynb; xlsx; ods; csv; json; png; md,V1.0,public,chapters/03/python_analytics/AIHE-PY34_time_series_forecasting_for_demand_capacity_and_budget_planning,AIHE-CASE03,AIHE-CASE03B,AIHE-CASE03; AIHE-CASE03B,chapters/03/python_analytics/AIHE-PY34_time_series_forecasting_for_demand_capacity_and_budget_planning/python/34_time_series_forecasting.py,chapters/03/python_analytics/AIHE-PY34_time_series_forecasting_for_demand_capacity_and_budget_planning/notebook/34_time_series_forecasting.ipynb,chapters/03/python_analytics/AIHE-PY34_time_series_forecasting_for_demand_capacity_and_budget_planning/data/xlsx/34_time_series_forecasting_template.xlsx,chapters/03/python_analytics/AIHE-PY34_time_series_forecasting_for_demand_capacity_and_budget_planning/data/ods/34_time_series_forecasting_template.ods,chapters/03/python_analytics/AIHE-PY34_time_series_forecasting_for_demand_capacity_and_budget_planning/outputs/example
AIHE-PY35,35,Constrained resource-allocation optimization,3,Human–AI Decision Support and Managerial Action,"3, 8, 13",AIHE-B05,AIHE-CASE03,py; ipynb; xlsx; ods; csv; json; png; md,V1.0,public,chapters/03/python_analytics/AIHE-PY35_constrained_resource_allocation_optimization,AIHE-CASE03,AIHE-CASE03B,AIHE-CASE03; AIHE-CASE03B,chapters/03/python_analytics/AIHE-PY35_constrained_resource_allocation_optimization/python/35_resource_allocation_optimization.py,chapters/03/python_analytics/AIHE-PY35_constrained_resource_allocation_optimization/notebook/35_resource_allocation_optimization.ipynb,chapters/03/python_analytics/AIHE-PY35_constrained_resource_allocation_optimization/data/xlsx/35_resource_allocation_optimization_template.xlsx,chapters/03/python_analytics/AIHE-PY35_constrained_resource_allocation_optimization/data/ods/35_resource_allocation_optimization_template.ods,chapters/03/python_analytics/AIHE-PY35_constrained_resource_allocation_optimization/outputs/example
AIHE-PY22,22,"System-dynamics model of adoption, capacity, and value",4,"Productivity, Workforce Redesign, and Implementation","4, 8, 12",AIHE-B03; AIHE-D02,AIHE-CASE04,py; ipynb; xlsx; ods; csv; json; png; md,V1.0,public,chapters/04/python_analytics/AIHE-PY22_system_dynamics_model_of_adoption_capacity_and_value,AIHE-CASE04,,AIHE-CASE04,chapters/04/python_analytics/AIHE-PY22_system_dynamics_model_of_adoption_capacity_and_value/python/22_system_dynamics_adoption_capacity.py,chapters/04/python_analytics/AIHE-PY22_system_dynamics_model_of_adoption_capacity_and_value/notebook/22_system_dynamics_adoption_capacity.ipynb,chapters/04/python_analytics/AIHE-PY22_system_dynamics_model_of_adoption_capacity_and_value/data/xlsx/22_system_dynamics_adoption_capacity_template.xlsx,chapters/04/python_analytics/AIHE-PY22_system_dynamics_model_of_adoption_capacity_and_value/data/ods/22_system_dynamics_adoption_capacity_template.ods,chapters/04/python_analytics/AIHE-PY22_system_dynamics_model_of_adoption_capacity_and_value/outputs/example
AIHE-PY23,23,Agent-based simulation of clinician adoption,4,"Productivity, Workforce Redesign, and Implementation","4, 8, 12",AIHE-D02; AIHE-RG03,AIHE-CASE04,py; ipynb; xlsx; ods; csv; json; png; md,V1.0,public,chapters/04/python_analytics/AIHE-PY23_agent_based_simulation_of_clinician_adoption,AIHE-CASE04,AIHE-CASE03B,AIHE-CASE04; AIHE-CASE03B,chapters/04/python_analytics/AIHE-PY23_agent_based_simulation_of_clinician_adoption/python/23_agent_based_clinician_adoption.py,chapters/04/python_analytics/AIHE-PY23_agent_based_simulation_of_clinician_adoption/notebook/23_agent_based_clinician_adoption.ipynb,chapters/04/python_analytics/AIHE-PY23_agent_based_simulation_of_clinician_adoption/data/xlsx/23_agent_based_clinician_adoption_template.xlsx,chapters/04/python_analytics/AIHE-PY23_agent_based_simulation_of_clinician_adoption/data/ods/23_agent_based_clinician_adoption_template.ods,chapters/04/python_analytics/AIHE-PY23_agent_based_simulation_of_clinician_adoption/outputs/example
AIHE-PY28,28,"Workflow time, capacity, productivity, and benefit realization",4,"Productivity, Workforce Redesign, and Implementation","4, 6",AIHE-B03,AIHE-CASE04,py; ipynb; xlsx; ods; csv; json; png; md,V1.0,public,chapters/04/python_analytics/AIHE-PY28_workflow_time_capacity_productivity_and_benefit_realization,AIHE-CASE04,,AIHE-CASE04,chapters/04/python_analytics/AIHE-PY28_workflow_time_capacity_productivity_and_benefit_realization/python/28_workflow_productivity.py,chapters/04/python_analytics/AIHE-PY28_workflow_time_capacity_productivity_and_benefit_realization/notebook/28_workflow_productivity.ipynb,chapters/04/python_analytics/AIHE-PY28_workflow_time_capacity_productivity_and_benefit_realization/data/xlsx/28_workflow_productivity_template.xlsx,chapters/04/python_analytics/AIHE-PY28_workflow_time_capacity_productivity_and_benefit_realization/data/ods/28_workflow_productivity_template.ods,chapters/04/python_analytics/AIHE-PY28_workflow_time_capacity_productivity_and_benefit_realization/outputs/example
AIHE-PY02,02,Descriptive statistics and visual comparisons,5,"Quality, Accreditation, and Organizational Learning","3, 5, 11",AIHE-C01,AIHE-CASE05,py; ipynb; xlsx; ods; csv; json; png; md,V1.0,public,chapters/05/python_analytics/AIHE-PY02_descriptive_statistics_and_visual_comparisons,AIHE-CASE05,,AIHE-CASE05,chapters/05/python_analytics/AIHE-PY02_descriptive_statistics_and_visual_comparisons/python/02_descriptive_statistics_and_visuals.py,chapters/05/python_analytics/AIHE-PY02_descriptive_statistics_and_visual_comparisons/notebook/02_descriptive_statistics_and_visuals.ipynb,chapters/05/python_analytics/AIHE-PY02_descriptive_statistics_and_visual_comparisons/data/xlsx/02_descriptive_statistics_and_visuals_template.xlsx,chapters/05/python_analytics/AIHE-PY02_descriptive_statistics_and_visual_comparisons/data/ods/02_descriptive_statistics_and_visuals_template.ods,chapters/05/python_analytics/AIHE-PY02_descriptive_statistics_and_visual_comparisons/outputs/example
AIHE-PY10,10,Total Cost of AI Ownership (TCAIO) lifecycle costing,6,"Lifecycle Cost, Pricing, and Benefit Realization","6, 9, 14, 15",AIHE-B02,AIHE-CASE06,py; ipynb; xlsx; ods; csv; json; png; md,V1.0,public,chapters/06/python_analytics/AIHE-PY10_total_cost_of_ai_ownership_tcaio_lifecycle_costing,AIHE-CASE06,,AIHE-CASE06,chapters/06/python_analytics/AIHE-PY10_total_cost_of_ai_ownership_tcaio_lifecycle_costing/python/10_tcaio_lifecycle_costing.py,chapters/06/python_analytics/AIHE-PY10_total_cost_of_ai_ownership_tcaio_lifecycle_costing/notebook/10_tcaio_lifecycle_costing.ipynb,chapters/06/python_analytics/AIHE-PY10_total_cost_of_ai_ownership_tcaio_lifecycle_costing/data/xlsx/10_tcaio_lifecycle_costing_template.xlsx,chapters/06/python_analytics/AIHE-PY10_total_cost_of_ai_ownership_tcaio_lifecycle_costing/data/ods/10_tcaio_lifecycle_costing_template.ods,chapters/06/python_analytics/AIHE-PY10_total_cost_of_ai_ownership_tcaio_lifecycle_costing/outputs/example
AIHE-PY11,11,"ROI, net benefit, and benefit-realization analysis",6,"Lifecycle Cost, Pricing, and Benefit Realization","4, 6, 7",AIHE-B03,AIHE-CASE06,py; ipynb; xlsx; ods; csv; json; png; md,V1.0,public,chapters/06/python_analytics/AIHE-PY11_roi_net_benefit_and_benefit_realization_analysis,AIHE-CASE06,,AIHE-CASE06,chapters/06/python_analytics/AIHE-PY11_roi_net_benefit_and_benefit_realization_analysis/python/11_roi_benefit_realization.py,chapters/06/python_analytics/AIHE-PY11_roi_net_benefit_and_benefit_realization_analysis/notebook/11_roi_benefit_realization.ipynb,chapters/06/python_analytics/AIHE-PY11_roi_net_benefit_and_benefit_realization_analysis/data/xlsx/11_roi_benefit_realization_template.xlsx,chapters/06/python_analytics/AIHE-PY11_roi_net_benefit_and_benefit_realization_analysis/data/ods/11_roi_benefit_realization_template.ods,chapters/06/python_analytics/AIHE-PY11_roi_net_benefit_and_benefit_realization_analysis/outputs/example
AIHE-PY12,12,"Cost-effectiveness, ICER, and net monetary benefit",7,"Economic Evaluation, Affordability, and HTA","7, 8, 15",AIHE-B04,AIHE-CASE07,py; ipynb; xlsx; ods; csv; json; png; md,V1.0,public,chapters/07/python_analytics/AIHE-PY12_cost_effectiveness_icer_and_net_monetary_benefit,AIHE-CASE07,,AIHE-CASE07,chapters/07/python_analytics/AIHE-PY12_cost_effectiveness_icer_and_net_monetary_benefit/python/12_cost_effectiveness_icer_nmb.py,chapters/07/python_analytics/AIHE-PY12_cost_effectiveness_icer_and_net_monetary_benefit/notebook/12_cost_effectiveness_icer_nmb.ipynb,chapters/07/python_analytics/AIHE-PY12_cost_effectiveness_icer_and_net_monetary_benefit/data/xlsx/12_cost_effectiveness_icer_nmb_template.xlsx,chapters/07/python_analytics/AIHE-PY12_cost_effectiveness_icer_and_net_monetary_benefit/data/ods/12_cost_effectiveness_icer_nmb_template.ods,chapters/07/python_analytics/AIHE-PY12_cost_effectiveness_icer_and_net_monetary_benefit/outputs/example
AIHE-PY13,13,Multiyear budget-impact analysis,7,"Economic Evaluation, Affordability, and HTA","6, 7, 8",AIHE-B04,AIHE-CASE07,py; ipynb; xlsx; ods; csv; json; png; md,V1.0,public,chapters/07/python_analytics/AIHE-PY13_multiyear_budget_impact_analysis,AIHE-CASE07,,AIHE-CASE07,chapters/07/python_analytics/AIHE-PY13_multiyear_budget_impact_analysis/python/13_budget_impact_analysis.py,chapters/07/python_analytics/AIHE-PY13_multiyear_budget_impact_analysis/notebook/13_budget_impact_analysis.ipynb,chapters/07/python_analytics/AIHE-PY13_multiyear_budget_impact_analysis/data/xlsx/13_budget_impact_analysis_template.xlsx,chapters/07/python_analytics/AIHE-PY13_multiyear_budget_impact_analysis/data/ods/13_budget_impact_analysis_template.ods,chapters/07/python_analytics/AIHE-PY13_multiyear_budget_impact_analysis/outputs/example
AIHE-PY16,16,Distributional cost-effectiveness and equity-weighted analysis,7,"Economic Evaluation, Affordability, and HTA","7, 10, 15",AIHE-B04; AIHE-C03,AIHE-CASE07,py; ipynb; xlsx; ods; csv; json; png; md,V1.0,public,chapters/07/python_analytics/AIHE-PY16_distributional_cost_effectiveness_and_equity_weighted_analysis,AIHE-CASE07,,AIHE-CASE07,chapters/07/python_analytics/AIHE-PY16_distributional_cost_effectiveness_and_equity_weighted_analysis/python/16_distributional_cost_effectiveness.py,chapters/07/python_analytics/AIHE-PY16_distributional_cost_effectiveness_and_equity_weighted_analysis/notebook/16_distributional_cost_effectiveness.ipynb,chapters/07/python_analytics/AIHE-PY16_distributional_cost_effectiveness_and_equity_weighted_analysis/data/xlsx/16_distributional_cost_effectiveness_template.xlsx,chapters/07/python_analytics/AIHE-PY16_distributional_cost_effectiveness_and_equity_weighted_analysis/data/ods/16_distributional_cost_effectiveness_template.ods,chapters/07/python_analytics/AIHE-PY16_distributional_cost_effectiveness_and_equity_weighted_analysis/outputs/example
AIHE-PY14,14,Deterministic sensitivity and tornado analysis,8,Decision Modelling and Simulation Under Uncertainty,8,AIHE-B05; AIHE-RG05,AIHE-CASE08,py; ipynb; xlsx; ods; csv; json; png; md,V1.0,public,chapters/08/python_analytics/AIHE-PY14_deterministic_sensitivity_and_tornado_analysis,AIHE-CASE08,,AIHE-CASE08,chapters/08/python_analytics/AIHE-PY14_deterministic_sensitivity_and_tornado_analysis/python/14_deterministic_sensitivity_tornado.py,chapters/08/python_analytics/AIHE-PY14_deterministic_sensitivity_and_tornado_analysis/notebook/14_deterministic_sensitivity_tornado.ipynb,chapters/08/python_analytics/AIHE-PY14_deterministic_sensitivity_and_tornado_analysis/data/xlsx/14_deterministic_sensitivity_tornado_template.xlsx,chapters/08/python_analytics/AIHE-PY14_deterministic_sensitivity_and_tornado_analysis/data/ods/14_deterministic_sensitivity_tornado_template.ods,chapters/08/python_analytics/AIHE-PY14_deterministic_sensitivity_and_tornado_analysis/outputs/example
AIHE-PY15,15,"Probabilistic sensitivity analysis, CEAC, and EVPI",8,Decision Modelling and Simulation Under Uncertainty,8,AIHE-B05; AIHE-RG05,AIHE-CASE08,py; ipynb; xlsx; ods; csv; json; png; md,V1.0,public,chapters/08/python_analytics/AIHE-PY15_probabilistic_sensitivity_analysis_ceac_and_evpi,AIHE-CASE08,,AIHE-CASE08,chapters/08/python_analytics/AIHE-PY15_probabilistic_sensitivity_analysis_ceac_and_evpi/python/15_probabilistic_sensitivity_ceac_evpi.py,chapters/08/python_analytics/AIHE-PY15_probabilistic_sensitivity_analysis_ceac_and_evpi/notebook/15_probabilistic_sensitivity_ceac_evpi.ipynb,chapters/08/python_analytics/AIHE-PY15_probabilistic_sensitivity_analysis_ceac_and_evpi/data/xlsx/15_probabilistic_sensitivity_ceac_evpi_template.xlsx,chapters/08/python_analytics/AIHE-PY15_probabilistic_sensitivity_analysis_ceac_and_evpi/data/ods/15_probabilistic_sensitivity_ceac_evpi_template.ods,chapters/08/python_analytics/AIHE-PY15_probabilistic_sensitivity_analysis_ceac_and_evpi/outputs/example
AIHE-PY18,18,Decision-tree pathway model,8,Decision Modelling and Simulation Under Uncertainty,8,AIHE-B05,AIHE-CASE08,py; ipynb; xlsx; ods; csv; json; png; md,V1.0,public,chapters/08/python_analytics/AIHE-PY18_decision_tree_pathway_model,AIHE-CASE08,,AIHE-CASE08,chapters/08/python_analytics/AIHE-PY18_decision_tree_pathway_model/python/18_decision_tree_pathway.py,chapters/08/python_analytics/AIHE-PY18_decision_tree_pathway_model/notebook/18_decision_tree_pathway.ipynb,chapters/08/python_analytics/AIHE-PY18_decision_tree_pathway_model/data/xlsx/18_decision_tree_pathway_template.xlsx,chapters/08/python_analytics/AIHE-PY18_decision_tree_pathway_model/data/ods/18_decision_tree_pathway_template.ods,chapters/08/python_analytics/AIHE-PY18_decision_tree_pathway_model/outputs/example
AIHE-PY19,19,Markov cohort model for long-term AI evaluation,8,Decision Modelling and Simulation Under Uncertainty,8,AIHE-B05,AIHE-CASE08,py; ipynb; xlsx; ods; csv; json; png; md,V1.0,public,chapters/08/python_analytics/AIHE-PY19_markov_cohort_model_for_long_term_ai_evaluation,AIHE-CASE08,,AIHE-CASE08,chapters/08/python_analytics/AIHE-PY19_markov_cohort_model_for_long_term_ai_evaluation/python/19_markov_cohort_model.py,chapters/08/python_analytics/AIHE-PY19_markov_cohort_model_for_long_term_ai_evaluation/notebook/19_markov_cohort_model.ipynb,chapters/08/python_analytics/AIHE-PY19_markov_cohort_model_for_long_term_ai_evaluation/data/xlsx/19_markov_cohort_model_template.xlsx,chapters/08/python_analytics/AIHE-PY19_markov_cohort_model_for_long_term_ai_evaluation/data/ods/19_markov_cohort_model_template.ods,chapters/08/python_analytics/AIHE-PY19_markov_cohort_model_for_long_term_ai_evaluation/outputs/example
AIHE-PY20,20,Patient-level microsimulation,8,Decision Modelling and Simulation Under Uncertainty,8,AIHE-B05,AIHE-CASE08,py; ipynb; xlsx; ods; csv; json; png; md,V1.0,public,chapters/08/python_analytics/AIHE-PY20_patient_level_microsimulation,AIHE-CASE08,,AIHE-CASE08,chapters/08/python_analytics/AIHE-PY20_patient_level_microsimulation/python/20_patient_microsimulation.py,chapters/08/python_analytics/AIHE-PY20_patient_level_microsimulation/notebook/20_patient_microsimulation.ipynb,chapters/08/python_analytics/AIHE-PY20_patient_level_microsimulation/data/xlsx/20_patient_microsimulation_template.xlsx,chapters/08/python_analytics/AIHE-PY20_patient_level_microsimulation/data/ods/20_patient_microsimulation_template.ods,chapters/08/python_analytics/AIHE-PY20_patient_level_microsimulation/outputs/example
AIHE-PY17,17,AI pricing and contract scenario analysis,9,Problem-First Procurement and Vendor Governance,"6, 9",AIHE-B02; AIHE-D01,AIHE-CASE09,py; ipynb; xlsx; ods; csv; json; png; md,V1.0,public,chapters/09/python_analytics/AIHE-PY17_ai_pricing_and_contract_scenario_analysis,AIHE-CASE09,,AIHE-CASE09,chapters/09/python_analytics/AIHE-PY17_ai_pricing_and_contract_scenario_analysis/python/17_ai_pricing_contract_scenarios.py,chapters/09/python_analytics/AIHE-PY17_ai_pricing_and_contract_scenario_analysis/notebook/17_ai_pricing_contract_scenarios.ipynb,chapters/09/python_analytics/AIHE-PY17_ai_pricing_and_contract_scenario_analysis/data/xlsx/17_ai_pricing_contract_scenarios_template.xlsx,chapters/09/python_analytics/AIHE-PY17_ai_pricing_and_contract_scenario_analysis/data/ods/17_ai_pricing_contract_scenarios_template.ods,chapters/09/python_analytics/AIHE-PY17_ai_pricing_and_contract_scenario_analysis/outputs/example
AIHE-PY25,25,Weighted procurement scorecard with mandatory safeguards,9,Problem-First Procurement and Vendor Governance,"9, 12, 14",AIHE-D01,AIHE-CASE09,py; ipynb; xlsx; ods; csv; json; png; md,V1.0,public,chapters/09/python_analytics/AIHE-PY25_weighted_procurement_scorecard_with_mandatory_safeguards,AIHE-CASE09,,AIHE-CASE09,chapters/09/python_analytics/AIHE-PY25_weighted_procurement_scorecard_with_mandatory_safeguards/python/25_procurement_mcda_scorecard.py,chapters/09/python_analytics/AIHE-PY25_weighted_procurement_scorecard_with_mandatory_safeguards/notebook/25_procurement_mcda_scorecard.ipynb,chapters/09/python_analytics/AIHE-PY25_weighted_procurement_scorecard_with_mandatory_safeguards/data/xlsx/25_procurement_mcda_scorecard_template.xlsx,chapters/09/python_analytics/AIHE-PY25_weighted_procurement_scorecard_with_mandatory_safeguards/data/ods/25_procurement_mcda_scorecard_template.ods,chapters/09/python_analytics/AIHE-PY25_weighted_procurement_scorecard_with_mandatory_safeguards/outputs/example
AIHE-PY07,07,Feature importance and partial-dependence exploration,10,"Governance, Accountability, and Institutional Risk","3, 10, 11",AIHE-C03,AIHE-CASE10,py; ipynb; xlsx; ods; csv; json; png; md,V1.0,public,chapters/10/python_analytics/AIHE-PY07_feature_importance_and_partial_dependence_exploration,AIHE-CASE10,,AIHE-CASE10,chapters/10/python_analytics/AIHE-PY07_feature_importance_and_partial_dependence_exploration/python/07_feature_importance_explainability.py,chapters/10/python_analytics/AIHE-PY07_feature_importance_and_partial_dependence_exploration/notebook/07_feature_importance_explainability.ipynb,chapters/10/python_analytics/AIHE-PY07_feature_importance_and_partial_dependence_exploration/data/xlsx/07_feature_importance_explainability_template.xlsx,chapters/10/python_analytics/AIHE-PY07_feature_importance_and_partial_dependence_exploration/data/ods/07_feature_importance_explainability_template.ods,chapters/10/python_analytics/AIHE-PY07_feature_importance_and_partial_dependence_exploration/outputs/example
AIHE-PY08,08,Subgroup performance and equity audit,10,"Governance, Accountability, and Institutional Risk","7, 10, 11, 15",AIHE-C03,AIHE-CASE10,py; ipynb; xlsx; ods; csv; json; png; md,V1.0,public,chapters/10/python_analytics/AIHE-PY08_subgroup_performance_and_equity_audit,AIHE-CASE10,,AIHE-CASE10,chapters/10/python_analytics/AIHE-PY08_subgroup_performance_and_equity_audit/python/08_subgroup_equity_audit.py,chapters/10/python_analytics/AIHE-PY08_subgroup_performance_and_equity_audit/notebook/08_subgroup_equity_audit.ipynb,chapters/10/python_analytics/AIHE-PY08_subgroup_performance_and_equity_audit/data/xlsx/08_subgroup_equity_audit_template.xlsx,chapters/10/python_analytics/AIHE-PY08_subgroup_performance_and_equity_audit/data/ods/08_subgroup_equity_audit_template.ods,chapters/10/python_analytics/AIHE-PY08_subgroup_performance_and_equity_audit/outputs/example
AIHE-PY26,26,"Integrated privacy, cybersecurity, equity, safety, and trust risk register",10,"Governance, Accountability, and Institutional Risk","10, 12",AIHE-C03,AIHE-CASE10,py; ipynb; xlsx; ods; csv; json; png; md,V1.0,public,chapters/10/python_analytics/AIHE-PY26_integrated_privacy_cybersecurity_equity_safety_and_trust_risk_register,AIHE-CASE10,,AIHE-CASE10,chapters/10/python_analytics/AIHE-PY26_integrated_privacy_cybersecurity_equity_safety_and_trust_risk_register/python/26_integrated_risk_register.py,chapters/10/python_analytics/AIHE-PY26_integrated_privacy_cybersecurity_equity_safety_and_trust_risk_register/notebook/26_integrated_risk_register.ipynb,chapters/10/python_analytics/AIHE-PY26_integrated_privacy_cybersecurity_equity_safety_and_trust_risk_register/data/xlsx/26_integrated_risk_register_template.xlsx,chapters/10/python_analytics/AIHE-PY26_integrated_privacy_cybersecurity_equity_safety_and_trust_risk_register/data/ods/26_integrated_risk_register_template.ods,chapters/10/python_analytics/AIHE-PY26_integrated_privacy_cybersecurity_equity_safety_and_trust_risk_register/outputs/example
AIHE-PY04,04,Predictive model development: logistic regression and random forest,11,"Evidence, Validation, and Real-World Evaluation","3, 11",AIHE-B05,AIHE-CASE11,py; ipynb; xlsx; ods; csv; json; png; md,V1.0,public,chapters/11/python_analytics/AIHE-PY04_predictive_model_development_logistic_regression_and_random_forest,AIHE-CASE11,,AIHE-CASE11,chapters/11/python_analytics/AIHE-PY04_predictive_model_development_logistic_regression_and_random_forest/python/04_predictive_model_comparison.py,chapters/11/python_analytics/AIHE-PY04_predictive_model_development_logistic_regression_and_random_forest/notebook/04_predictive_model_comparison.ipynb,chapters/11/python_analytics/AIHE-PY04_predictive_model_development_logistic_regression_and_random_forest/data/xlsx/04_predictive_model_comparison_template.xlsx,chapters/11/python_analytics/AIHE-PY04_predictive_model_development_logistic_regression_and_random_forest/data/ods/04_predictive_model_comparison_template.ods,chapters/11/python_analytics/AIHE-PY04_predictive_model_development_logistic_regression_and_random_forest/outputs/example
AIHE-PY05,05,"Model performance, threshold trade-offs, and calibration",11,"Evidence, Validation, and Real-World Evaluation","3, 11",AIHE-B05,AIHE-CASE11,py; ipynb; xlsx; ods; csv; json; png; md,V1.0,public,chapters/11/python_analytics/AIHE-PY05_model_performance_threshold_trade_offs_and_calibration,AIHE-CASE11,,AIHE-CASE11,chapters/11/python_analytics/AIHE-PY05_model_performance_threshold_trade_offs_and_calibration/python/05_performance_and_calibration.py,chapters/11/python_analytics/AIHE-PY05_model_performance_threshold_trade_offs_and_calibration/notebook/05_performance_and_calibration.ipynb,chapters/11/python_analytics/AIHE-PY05_model_performance_threshold_trade_offs_and_calibration/data/xlsx/05_performance_and_calibration_template.xlsx,chapters/11/python_analytics/AIHE-PY05_model_performance_threshold_trade_offs_and_calibration/data/ods/05_performance_and_calibration_template.ods,chapters/11/python_analytics/AIHE-PY05_model_performance_threshold_trade_offs_and_calibration/outputs/example
AIHE-PY24,24,Implementation evaluation with interrupted time series and control charts,11,"Evidence, Validation, and Real-World Evaluation","4, 11",AIHE-C01; AIHE-B05,AIHE-CASE11,py; ipynb; xlsx; ods; csv; json; png; md,V1.0,public,chapters/11/python_analytics/AIHE-PY24_implementation_evaluation_with_interrupted_time_series_and_control_charts,AIHE-CASE11,,AIHE-CASE11,chapters/11/python_analytics/AIHE-PY24_implementation_evaluation_with_interrupted_time_series_and_control_charts/python/24_implementation_evaluation.py,chapters/11/python_analytics/AIHE-PY24_implementation_evaluation_with_interrupted_time_series_and_control_charts/notebook/24_implementation_evaluation.ipynb,chapters/11/python_analytics/AIHE-PY24_implementation_evaluation_with_interrupted_time_series_and_control_charts/data/xlsx/24_implementation_evaluation_template.xlsx,chapters/11/python_analytics/AIHE-PY24_implementation_evaluation_with_interrupted_time_series_and_control_charts/data/ods/24_implementation_evaluation_template.ods,chapters/11/python_analytics/AIHE-PY24_implementation_evaluation_with_interrupted_time_series_and_control_charts/outputs/example
AIHE-PY30,30,Random-effects meta-analysis and forest plot,11,"Evidence, Validation, and Real-World Evaluation",11,AIHE-B05; AIHE-RG02,AIHE-CASE11,py; ipynb; xlsx; ods; csv; json; png; md,V1.0,public,chapters/11/python_analytics/AIHE-PY30_random_effects_meta_analysis_and_forest_plot,AIHE-CASE11,,AIHE-CASE11,chapters/11/python_analytics/AIHE-PY30_random_effects_meta_analysis_and_forest_plot/python/30_random_effects_meta_analysis.py,chapters/11/python_analytics/AIHE-PY30_random_effects_meta_analysis_and_forest_plot/notebook/30_random_effects_meta_analysis.ipynb,chapters/11/python_analytics/AIHE-PY30_random_effects_meta_analysis_and_forest_plot/data/xlsx/30_random_effects_meta_analysis_template.xlsx,chapters/11/python_analytics/AIHE-PY30_random_effects_meta_analysis_and_forest_plot/data/ods/30_random_effects_meta_analysis_template.ods,chapters/11/python_analytics/AIHE-PY30_random_effects_meta_analysis_and_forest_plot/outputs/example
AIHE-PY31,31,Difference-in-differences evaluation,11,"Evidence, Validation, and Real-World Evaluation",11,AIHE-B05,AIHE-CASE11,py; ipynb; xlsx; ods; csv; json; png; md,V1.0,public,chapters/11/python_analytics/AIHE-PY31_difference_in_differences_evaluation,AIHE-CASE11,,AIHE-CASE11,chapters/11/python_analytics/AIHE-PY31_difference_in_differences_evaluation/python/31_difference_in_differences.py,chapters/11/python_analytics/AIHE-PY31_difference_in_differences_evaluation/notebook/31_difference_in_differences.ipynb,chapters/11/python_analytics/AIHE-PY31_difference_in_differences_evaluation/data/xlsx/31_difference_in_differences_template.xlsx,chapters/11/python_analytics/AIHE-PY31_difference_in_differences_evaluation/data/ods/31_difference_in_differences_template.ods,chapters/11/python_analytics/AIHE-PY31_difference_in_differences_evaluation/outputs/example
AIHE-PY32,32,Time-to-event and survival analysis,11,"Evidence, Validation, and Real-World Evaluation","7, 8, 11",AIHE-B05,AIHE-CASE11,py; ipynb; xlsx; ods; csv; json; png; md,V1.0,public,chapters/11/python_analytics/AIHE-PY32_time_to_event_and_survival_analysis,AIHE-CASE11,,AIHE-CASE11,chapters/11/python_analytics/AIHE-PY32_time_to_event_and_survival_analysis/python/32_survival_time_to_event.py,chapters/11/python_analytics/AIHE-PY32_time_to_event_and_survival_analysis/notebook/32_survival_time_to_event.ipynb,chapters/11/python_analytics/AIHE-PY32_time_to_event_and_survival_analysis/data/xlsx/32_survival_time_to_event_template.xlsx,chapters/11/python_analytics/AIHE-PY32_time_to_event_and_survival_analysis/data/ods/32_survival_time_to_event_template.ods,chapters/11/python_analytics/AIHE-PY32_time_to_event_and_survival_analysis/outputs/example
AIHE-PY09,09,Temporal validation and drift monitoring,12,Decision Architecture and Lifecycle Governance,"11, 12",AIHE-D03; AIHE-D05; AIHE-B05,AIHE-CASE12,py; ipynb; xlsx; ods; csv; json; png; md,V1.0,public,chapters/12/python_analytics/AIHE-PY09_temporal_validation_and_drift_monitoring,AIHE-CASE12,,AIHE-CASE12,chapters/12/python_analytics/AIHE-PY09_temporal_validation_and_drift_monitoring/python/09_temporal_validation_and_drift.py,chapters/12/python_analytics/AIHE-PY09_temporal_validation_and_drift_monitoring/notebook/09_temporal_validation_and_drift.ipynb,chapters/12/python_analytics/AIHE-PY09_temporal_validation_and_drift_monitoring/data/xlsx/09_temporal_validation_and_drift_template.xlsx,chapters/12/python_analytics/AIHE-PY09_temporal_validation_and_drift_monitoring/data/ods/09_temporal_validation_and_drift_template.ods,chapters/12/python_analytics/AIHE-PY09_temporal_validation_and_drift_monitoring/outputs/example
AIHE-PY27,27,"Algorithmovigilance, lifecycle cadence, drift, and incident monitoring",12,Decision Architecture and Lifecycle Governance,"5, 11, 12",AIHE-D03; AIHE-D04,AIHE-CASE12,py; ipynb; xlsx; ods; csv; json; png; md,V1.0,public,chapters/12/python_analytics/AIHE-PY27_algorithmovigilance_lifecycle_cadence_drift_and_incident_monitoring,AIHE-CASE12,,AIHE-CASE12,chapters/12/python_analytics/AIHE-PY27_algorithmovigilance_lifecycle_cadence_drift_and_incident_monitoring/python/27_algorithmovigilance_monitoring.py,chapters/12/python_analytics/AIHE-PY27_algorithmovigilance_lifecycle_cadence_drift_and_incident_monitoring/notebook/27_algorithmovigilance_monitoring.ipynb,chapters/12/python_analytics/AIHE-PY27_algorithmovigilance_lifecycle_cadence_drift_and_incident_monitoring/data/xlsx/27_algorithmovigilance_monitoring_template.xlsx,chapters/12/python_analytics/AIHE-PY27_algorithmovigilance_lifecycle_cadence_drift_and_incident_monitoring/data/ods/27_algorithmovigilance_monitoring_template.ods,chapters/12/python_analytics/AIHE-PY27_algorithmovigilance_lifecycle_cadence_drift_and_incident_monitoring/outputs/example
AIHE-PY29,29,AI-HED completeness and institutional decision-quality audit,12,Decision Architecture and Lifecycle Governance,12,AIHE-D02,AIHE-CASE12,py; ipynb; xlsx; ods; csv; json; png; md,V1.0,public,chapters/12/python_analytics/AIHE-PY29_ai_hed_completeness_and_institutional_decision_quality_audit,AIHE-CASE12,,AIHE-CASE12,chapters/12/python_analytics/AIHE-PY29_ai_hed_completeness_and_institutional_decision_quality_audit/python/29_integrated_decision_dossier.py,chapters/12/python_analytics/AIHE-PY29_ai_hed_completeness_and_institutional_decision_quality_audit/notebook/29_integrated_decision_dossier.ipynb,chapters/12/python_analytics/AIHE-PY29_ai_hed_completeness_and_institutional_decision_quality_audit/data/xlsx/29_integrated_decision_dossier_template.xlsx,chapters/12/python_analytics/AIHE-PY29_ai_hed_completeness_and_institutional_decision_quality_audit/data/ods/29_integrated_decision_dossier_template.ods,chapters/12/python_analytics/AIHE-PY29_ai_hed_completeness_and_institutional_decision_quality_audit/outputs/example
AIHE-PY36,36,"Environmental, material-flow, and lifecycle resource accounting",13,Circular Health Systems and Resource Stewardship,"13, 15",AIHE-E01; AIHE-E05,AIHE-CASE13,py; ipynb; xlsx; ods; csv; json; png; md,V1.0,public,chapters/13/python_analytics/AIHE-PY36_environmental_material_flow_and_lifecycle_resource_accounting,AIHE-CASE13,,AIHE-CASE13,chapters/13/python_analytics/AIHE-PY36_environmental_material_flow_and_lifecycle_resource_accounting/python/36_circular_economy_material_carbon_cost.py,chapters/13/python_analytics/AIHE-PY36_environmental_material_flow_and_lifecycle_resource_accounting/notebook/36_circular_economy_material_carbon_cost.ipynb,chapters/13/python_analytics/AIHE-PY36_environmental_material_flow_and_lifecycle_resource_accounting/data/xlsx/36_circular_economy_material_carbon_cost_template.xlsx,chapters/13/python_analytics/AIHE-PY36_environmental_material_flow_and_lifecycle_resource_accounting/data/ods/36_circular_economy_material_carbon_cost_template.ods,chapters/13/python_analytics/AIHE-PY36_environmental_material_flow_and_lifecycle_resource_accounting/outputs/example
AIHE-PY39,39,Annual circularity portfolio review and trend monitoring,13,Circular Health Systems and Resource Stewardship,"12, 13, 14, 15",AIHE-E05,AIHE-CASE13,py; ipynb; xlsx; ods; csv; json; png; md,V1.0,public,chapters/13/python_analytics/AIHE-PY39_annual_circularity_portfolio_review_and_trend_monitoring,AIHE-CASE13,,AIHE-CASE13,chapters/13/python_analytics/AIHE-PY39_annual_circularity_portfolio_review_and_trend_monitoring/python/39_annual_circularity_portfolio_review.py,chapters/13/python_analytics/AIHE-PY39_annual_circularity_portfolio_review_and_trend_monitoring/notebook/39_annual_circularity_portfolio_review.ipynb,chapters/13/python_analytics/AIHE-PY39_annual_circularity_portfolio_review_and_trend_monitoring/data/xlsx/39_annual_circularity_portfolio_review_template.xlsx,chapters/13/python_analytics/AIHE-PY39_annual_circularity_portfolio_review_and_trend_monitoring/data/ods/39_annual_circularity_portfolio_review_template.ods,chapters/13/python_analytics/AIHE-PY39_annual_circularity_portfolio_review_and_trend_monitoring/outputs/example
AIHE-PY37,37,Circular asset-life option analysis,14,Circular Procurement and Asset Stewardship,"6, 14, 15",AIHE-E03,AIHE-CASE14,py; ipynb; xlsx; ods; csv; json; png; md,V1.0,public,chapters/14/python_analytics/AIHE-PY37_circular_asset_life_option_analysis,AIHE-CASE14,,AIHE-CASE14,chapters/14/python_analytics/AIHE-PY37_circular_asset_life_option_analysis/python/37_reuse_refurbish_replace_scenarios.py,chapters/14/python_analytics/AIHE-PY37_circular_asset_life_option_analysis/notebook/37_reuse_refurbish_replace_scenarios.ipynb,chapters/14/python_analytics/AIHE-PY37_circular_asset_life_option_analysis/data/xlsx/37_reuse_refurbish_replace_scenarios_template.xlsx,chapters/14/python_analytics/AIHE-PY37_circular_asset_life_option_analysis/data/ods/37_reuse_refurbish_replace_scenarios_template.ods,chapters/14/python_analytics/AIHE-PY37_circular_asset_life_option_analysis/outputs/example
AIHE-PY38,38,Circularity-adjusted economic evaluation and sustainable value,15,Circularity-Adjusted Evaluation and Sustainable Value,"7, 8, 15",AIHE-E04,AIHE-CASE15,py; ipynb; xlsx; ods; csv; json; png; md,V1.0,public,chapters/15/python_analytics/AIHE-PY38_circularity_adjusted_economic_evaluation_and_sustainable_value,AIHE-CASE15,,AIHE-CASE15,chapters/15/python_analytics/AIHE-PY38_circularity_adjusted_economic_evaluation_and_sustainable_value/python/38_circularity_adjusted_economic_evaluation.py,chapters/15/python_analytics/AIHE-PY38_circularity_adjusted_economic_evaluation_and_sustainable_value/notebook/38_circularity_adjusted_economic_evaluation.ipynb,chapters/15/python_analytics/AIHE-PY38_circularity_adjusted_economic_evaluation_and_sustainable_value/data/xlsx/38_circularity_adjusted_economic_evaluation_template.xlsx,chapters/15/python_analytics/AIHE-PY38_circularity_adjusted_economic_evaluation_and_sustainable_value/data/ods/38_circularity_adjusted_economic_evaluation_template.ods,chapters/15/python_analytics/AIHE-PY38_circularity_adjusted_economic_evaluation_and_sustainable_value/outputs/example
