case_id,title,chapter,chapter_title,related_core_resources,related_python_modules,formats,version,status,folder,canonical_folder,browser_demo_path,synthetic_data_status
AIHE-CASE00,Common Case-Analysis Method,0,Cross-chapter resource,AIHE-A01; AIHE-B01; AIHE-C03; AIHE-D02; AIHE-E01,,md; docx; odt; xlsx; ods; csv; json,V1.0,public,worked_examples/00_case_analysis_method,worked_examples/00_case_analysis_method,,Synthetic instructional data; replace with authorized local evidence before institutional use.
AIHE-CASE01,Emergency-Department Triage Portfolio Decision,1,AI as a Health-System Intervention,AIHE-A01; AIHE-W; AIHE-X; AIHE-EX01; AIHE-K; AIHE-H,,md; csv; json; xlsx; ods,V1.0,public,chapters/01/worked_examples/AIHE-CASE01_emergency_department_triage_portfolio_decision,chapters/01/worked_examples/AIHE-CASE01_emergency_department_triage_portfolio_decision,docs/demos/AIHE-CASE01/index.html,Synthetic instructional data; replace with authorized local evidence before institutional use.
AIHE-CASE02,Readmission-Model Readiness and Data-Fitness Assessment,2,Institutional Readiness and Digital Foundations,AIHE-A03; AIHE-A; AIHE-L; AIHE-A04; AIHE-EX03; AIHE-Y; AIHE-U,AIHE-PY01; AIHE-PY03; AIHE-PY33,md; csv; json; xlsx; ods,V1.0,public,chapters/02/worked_examples/AIHE-CASE02_readmission_model_readiness_and_data_fitness_assessment,chapters/02/worked_examples/AIHE-CASE02_readmission_model_readiness_and_data_fitness_assessment,docs/demos/AIHE-CASE02/index.html,Synthetic instructional data; replace with authorized local evidence before institutional use.
AIHE-CASE03,Deterioration Alert Under Constrained Review Capacity,3,Human–AI Decision Support and Managerial Action,AIHE-EX05; AIHE-EX06; AIHE-C04; AIHE-O; AIHE-I,AIHE-PY06; AIHE-PY21; AIHE-PY34; AIHE-PY35,md; csv; json; xlsx; ods,V1.0,public,chapters/03/worked_examples/AIHE-CASE03_deterioration_alert_under_constrained_review_capacity,chapters/03/worked_examples/AIHE-CASE03_deterioration_alert_under_constrained_review_capacity,docs/demos/AIHE-CASE03/index.html,Synthetic instructional data; replace with authorized local evidence before institutional use.
AIHE-CASE03B,Hospital Command Dashboard and Patient Flow,3,Human–AI Decision Support and Managerial Action,AIHE-C01; AIHE-C02; AIHE-C04; AIHE-B03; AIHE-I,AIHE-PY21; AIHE-PY23; AIHE-PY34; AIHE-PY35,md; csv; json; xlsx; ods,V1.0,public,chapters/03/worked_examples/AIHE-CASE03B_hospital_command_dashboard_and_patient_flow,chapters/03/worked_examples/AIHE-CASE03B_hospital_command_dashboard_and_patient_flow,docs/demos/AIHE-CASE03B/index.html,Synthetic instructional data; replace with authorized local evidence before institutional use.
AIHE-CASE04,Ambient Documentation Assistant: Productivity and Workforce Redesign,4,"Productivity, Workforce Redesign, and Implementation",AIHE-B03; AIHE-Z; AIHE-EX07; AIHE-R; AIHE-EX10,AIHE-PY22; AIHE-PY23; AIHE-PY28,md; csv; json; xlsx; ods,V1.0,public,chapters/04/worked_examples/AIHE-CASE04_ambient_documentation_assistant_productivity_and_workforce_redesign,chapters/04/worked_examples/AIHE-CASE04_ambient_documentation_assistant_productivity_and_workforce_redesign,docs/demos/AIHE-CASE04/index.html,Synthetic instructional data; replace with authorized local evidence before institutional use.
AIHE-CASE05,"AI Quality-Control, Accreditation, and Corrective Action",5,"Quality, Accreditation, and Organizational Learning",AIHE-C01; AIHE-C02; AIHE-I; AIHE-S; AIHE-EX12,AIHE-PY02,md; csv; json; xlsx; ods,V1.0,public,chapters/05/worked_examples/AIHE-CASE05_ai_quality_control_accreditation_and_corrective_action,chapters/05/worked_examples/AIHE-CASE05_ai_quality_control_accreditation_and_corrective_action,docs/demos/AIHE-CASE05/index.html,Synthetic instructional data; replace with authorized local evidence before institutional use.
AIHE-CASE06,"Five-Year Lifecycle Cost, Pricing, ROI, and Benefit Realization",6,"Lifecycle Cost, Pricing, and Benefit Realization",AIHE-B01; AIHE-B02; AIHE-B; AIHE-M; AIHE-EX17; AIHE-B03,AIHE-PY10; AIHE-PY11,md; csv; json; xlsx; ods,V1.0,public,chapters/06/worked_examples/AIHE-CASE06_five_year_lifecycle_cost_pricing_roi_and_benefit_realization,chapters/06/worked_examples/AIHE-CASE06_five_year_lifecycle_cost_pricing_roi_and_benefit_realization,docs/demos/AIHE-CASE06/index.html,Synthetic instructional data; replace with authorized local evidence before institutional use.
AIHE-CASE07,"Remote Monitoring: Cost-Effectiveness, Budget Impact, and HTA",7,"Economic Evaluation, Affordability, and HTA",AIHE-B04; AIHE-AA; AIHE-EX18; AIHE-EX04; AIHE-AC,AIHE-PY12; AIHE-PY13; AIHE-PY16,md; csv; json; xlsx; ods,V1.0,public,chapters/07/worked_examples/AIHE-CASE07_remote_monitoring_cost_effectiveness_budget_impact_and_hta,chapters/07/worked_examples/AIHE-CASE07_remote_monitoring_cost_effectiveness_budget_impact_and_hta,docs/demos/AIHE-CASE07/index.html,Synthetic instructional data; replace with authorized local evidence before institutional use.
AIHE-CASE08,Imaging Prioritization Decision Model and Value of Information,8,Decision Modelling and Simulation Under Uncertainty,AIHE-B05; AIHE-EX15; AIHE-EX16; AIHE-AA,AIHE-PY14; AIHE-PY15; AIHE-PY18; AIHE-PY19; AIHE-PY20,md; csv; json; xlsx; ods,V1.0,public,chapters/08/worked_examples/AIHE-CASE08_imaging_prioritization_decision_model_and_value_of_information,chapters/08/worked_examples/AIHE-CASE08_imaging_prioritization_decision_model_and_value_of_information,docs/demos/AIHE-CASE08/index.html,Synthetic instructional data; replace with authorized local evidence before institutional use.
AIHE-CASE09,AI Vendor Procurement and Contract Negotiation,9,Problem-First Procurement and Vendor Governance,AIHE-D01; AIHE-D; AIHE-EX08; AIHE-EX09; AIHE-Q; AIHE-EX17,AIHE-PY17; AIHE-PY25,md; csv; json; xlsx; ods,V1.0,public,chapters/09/worked_examples/AIHE-CASE09_ai_vendor_procurement_and_contract_negotiation,chapters/09/worked_examples/AIHE-CASE09_ai_vendor_procurement_and_contract_negotiation,docs/demos/AIHE-CASE09/index.html,Synthetic instructional data; replace with authorized local evidence before institutional use.
AIHE-CASE10,Patient-Facing Chatbot Institutional-Risk Review,10,"Governance, Accountability, and Institutional Risk",AIHE-C03; AIHE-C; AIHE-AB; AIHE-AC; AIHE-C05; AIHE-EX13,AIHE-PY07; AIHE-PY08; AIHE-PY26,md; csv; json; xlsx; ods,V1.0,public,chapters/10/worked_examples/AIHE-CASE10_patient_facing_chatbot_institutional_risk_review,chapters/10/worked_examples/AIHE-CASE10_patient_facing_chatbot_institutional_risk_review,docs/demos/AIHE-CASE10/index.html,Synthetic instructional data; replace with authorized local evidence before institutional use.
AIHE-CASE11,Local Validation and Causal Evaluation of a Readmission Model,11,"Evidence, Validation, and Real-World Evaluation",AIHE-B05; AIHE-EX05; AIHE-EX04; AIHE-V,AIHE-PY04; AIHE-PY05; AIHE-PY24; AIHE-PY30; AIHE-PY31; AIHE-PY32,md; csv; json; xlsx; ods,V1.0,public,chapters/11/worked_examples/AIHE-CASE11_local_validation_and_causal_evaluation_of_a_readmission_model,chapters/11/worked_examples/AIHE-CASE11_local_validation_and_causal_evaluation_of_a_readmission_model,docs/demos/AIHE-CASE11/index.html,Synthetic instructional data; replace with authorized local evidence before institutional use.
AIHE-CASE12,"Model Update, Incident Response, and Renewal Decision",12,Decision Architecture and Lifecycle Governance,AIHE-D02; AIHE-D03; AIHE-D04; AIHE-D05; AIHE-S; AIHE-EX11; AIHE-EX12,AIHE-PY09; AIHE-PY27; AIHE-PY29,md; csv; json; xlsx; ods,V1.0,public,chapters/12/worked_examples/AIHE-CASE12_model_update_incident_response_and_renewal_decision,chapters/12/worked_examples/AIHE-CASE12_model_update_incident_response_and_renewal_decision,docs/demos/AIHE-CASE12/index.html,Synthetic instructional data; replace with authorized local evidence before institutional use.
AIHE-CASE13,Circular AI Infrastructure Strategy,13,Circular Health Systems and Resource Stewardship,AIHE-E01; AIHE-CE1; AIHE-CE4; AIHE-I,AIHE-PY36; AIHE-PY39,md; csv; json; xlsx; ods,V1.0,public,chapters/13/worked_examples/AIHE-CASE13_circular_ai_infrastructure_strategy,chapters/13/worked_examples/AIHE-CASE13_circular_ai_infrastructure_strategy,docs/demos/AIHE-CASE13/index.html,Synthetic instructional data; replace with authorized local evidence before institutional use.
AIHE-CASE14,"Imaging Platform: Maintain, Refurbish, Replace, or Share",14,Circular Procurement and Asset Stewardship,AIHE-E02; AIHE-E03; AIHE-CE2; AIHE-CE3; AIHE-D01; AIHE-T,AIHE-PY37,md; csv; json; xlsx; ods,V1.0,public,chapters/14/worked_examples/AIHE-CASE14_imaging_platform_maintain_refurbish_replace_or_share,chapters/14/worked_examples/AIHE-CASE14_imaging_platform_maintain_refurbish_replace_or_share,docs/demos/AIHE-CASE14/index.html,Synthetic instructional data; replace with authorized local evidence before institutional use.
AIHE-CASE15,"Edge, Cloud, or Shared Diagnostic AI: Circularity-Adjusted Evaluation",15,Circularity-Adjusted Evaluation and Sustainable Value,AIHE-E04; AIHE-E05; AIHE-CE6; AIHE-CE7; AIHE-B01; AIHE-B05,AIHE-PY38,md; csv; json; xlsx; ods,V1.0,public,chapters/15/worked_examples/AIHE-CASE15_edge_cloud_or_shared_diagnostic_ai_circularity_adjusted_evaluation,chapters/15/worked_examples/AIHE-CASE15_edge_cloud_or_shared_diagnostic_ai_circularity_adjusted_evaluation,docs/demos/AIHE-CASE15/index.html,Synthetic instructional data; replace with authorized local evidence before institutional use.
