Field,Guidance,Institutional response
Incremental cost and outcome,Report disaggregated and summary results relative to the comparator.,
ICER or net benefit,"State the threshold, currency and price year, and probability that the preferred option is cost-effective.",
Budget impact,"Report eligible volume, uptake, implementation timing, annual cash flow, funding source, and cashable versus non-cashable savings.",
Distribution and equity,"Report subgroup outcomes, access, burdens, opportunity costs, mitigation, and residual concern.",
Regulatory and clinical evidence status,"Distinguish authorization, external clinical evidence, joint or national assessment, and local evidence.",
Reimbursement and payment,"Identify coverage, coding, tariff, payer, claim, denial, and incentive implications.",
Local adoption conditions,"Record readiness, procurement, workforce, quality, accreditation, governance, and monitoring prerequisites.",
Uncertainty and additional evidence,"Identify parameters that may change the decision and the value, cost, and timing of further research.",
Recommendation,"Record adopt, pilot, conditional use, restrict, defer, redesign, reject, or retire, together with conditions and review date.",
